Job Title,Job Link
Data Scientist,https://www.dice.com/job-detail/b4f0dc5d-5257-4102-9336-34a3217ebcfc
"Data Scientist III, Customer Technology",https://www.dice.com/job-detail/91818aed-0de6-483f-beee-19ab1873c0b6
"Data Scientist II, Customer Technology",https://www.dice.com/job-detail/1644a364-e8fb-4298-9cf7-c7667b7240da
RWE Data Scientist,https://www.dice.com/job-detail/b1332611-e372-4e32-98bb-0d004d604dd4
Oliver Wyman - Sr. Lead Data Scientist or Principal Data Scientist,https://www.dice.com/job-detail/b835594f-aba9-44a0-8c9a-7b102223c6b2
Senior Data Scientist,https://www.dice.com/job-detail/27e0cf87-b9d2-4dc1-bb85-cf7fe34b5010
Senior Data Scientist: Data Excellence Lead,https://www.dice.com/job-detail/00ff3a09-b8d9-48ec-93c9-dabd820c1f63
Data Scientist,https://www.dice.com/job-detail/cfe5a2df-f9f5-4017-bbaf-b9ea5cf7fe23
Data Scientist III,https://www.dice.com/job-detail/f825a823-9400-4b1b-8c59-7ac53db68dae
Research Data Scientist,https://www.dice.com/job-detail/c5c196c5-9b9e-41c9-ad22-b65706efb491
Data Scientist - Databricks + Python,https://www.dice.com/job-detail/9a3e6d3a-370a-483a-8467-48e1508cfc11
"Lead Data Scientist, Data Science",https://www.dice.com/job-detail/d4a66962-7f4f-42e3-8399-85ba5bea87c7
"Senior Data Scientist, Data Science",https://www.dice.com/job-detail/417a0bfc-7f63-497b-b095-4865035c247f
Senior Data Scientist,https://www.dice.com/job-detail/c4557883-4bfb-4e82-ab84-1a0570fefa6a
Senior Data Scientist,https://www.dice.com/job-detail/e3cc9ebc-1c3d-447c-8014-1cf9cec4bf44
PowerPlatform/Power Automate with CoPilot Data Scientist,https://www.dice.com/job-detail/a1b22783-dea4-4c86-a5b9-10954cbca937
Senior Data Scientist - Pharmacy Operations,https://www.dice.com/job-detail/a8c54cd2-1a40-4da3-ac4e-476d2df6ffcc
Lead Data Scientist - AI,https://www.dice.com/job-detail/db0d5b02-fd1d-42a3-a18d-039b2fc75f94
Data Scientist,https://www.dice.com/job-detail/6d6421cd-b72f-437d-9a72-3b542798c39b
Data Scientist,https://www.dice.com/job-detail/3eac46f6-c6c9-4267-9eb1-be489b507ccd
