Title,Company,Location,Description,Link
Data Analyst,Software Guidance & Assistance,N/A,"Software Guidance & Assistance, Inc., (SGA), is searching for a Data Analyst for a CONTRACT assignment with one of our premier Financial Services clients in Boston, MA.

The Data Analyst works as part of the Data Platform Team within the Data & Analytics Group. The primary responsibilities are to analyze enterprise and vendor datasets, understand data characteristics and methodologies, and collaborate across business and technology teams to manage data onboarding and data lifecycle. The analyst will work on analyzing data profiles and data cleansing and quality check requirements, working with the dev team to build and enhance data pipelines while maintaining proper quality and control around the data sets.

Responsibilities:
End-to-end analysis of business processes, data flows, and data usage to improve business productivity through re-engineering and data governance.
Interact with business stakeholders to identify, prioritize, and address data-related needs and issues.
:
:
SGA is a technology and resource solutions provider driven to stand out. We are a women-owned business. Our mission: to solve big IT problems with a more personal, boutique approach. Each year, we match consultants like you to more than 1,000 engagements. When we say let's work better together, we mean it. You'll join a diverse team built on these core values: customer service, employee development, and quality and integrity in everything we do. Be yourself, love what you do and find your passion at work. Please find us at .

SGA is an Equal Opportunity Employer and does not discriminate on the basis of Race, Color, Sex, Sexual Orientation, Gender Identity, Religion, National Origin, Disability, Veteran Status, Age, Marital Status, Pregnancy, Genetic Information, or Other Legally Protected Status. We are committed to providing access, equal opportunity, and reasonable accommodation for individuals with disabilities in employment, and our services, programs, and activities. Please visit our company to request an accommodation or assistance regarding our policy.",https://www.dice.com/job-detail/c43eedc1-2262-44c2-b55e-c1b2b57ddfe3
Data Analyst,"TSR Consulting Services, Inc.",N/A,"Our client, a leading financial services company is hiring a Data Analyst on a long-term contract basis.
Job ID 82582

Work Location:
Boston, MA - Hybrid
Summary:
The Data Analyst works as part of the Data Platform Team within the Data & Analytics Group. The primary responsibilities are to analyze enterprise and vendor datasets, understand data characteristics and methodologies, and collaborate across business and technology teams to manage data onboarding and data lifecycle. The analyst will work on analyzing data profiles and data cleansing and quality check requirements, working with the dev team to build and enhance data pipelines while maintaining proper quality and control around the data sets.
Responsibilities:
End-to-end analysis of business processes, data flows, and data usage to improve business productivity through re-engineering and data governance.





Pay: $66-$87 per hour.

The post appeared first on .",https://www.dice.com/job-detail/5e7398d3-ab69-470c-b8b9-1f74f44ae786
"Senior Data Analyst Investment Management, SQL & Data Governance.",Denken Solutions,N/A,"Currently, we are looking for talented resources for one of our listed clients. If interested please reply to me with your updated resume or feel free to reach out to me for more details at



Hybrid role - 4 days Onsite and 1 day Remote



Job Description:
The Data Analyst works as part of the Data Platform Team within the Data & Analytics Group.
The primary responsibilities are to analyze enterprise and vendor datasets, understand data characteristics and methodologies, and collaborate across business and technology teams to manage data onboarding and data lifecycle.",https://www.dice.com/job-detail/191924bb-c4f6-4574-b3d3-431509b42fe3
Data Analyst with Investment Management,Softova Inc,N/A,"Title - Data Analyst with Investment Management
Need someone with Financial Domain and investment management experience
Location - Boston, MA, 02109 (Local candidates within 60-70 miles and who is willing to relocate)
Duration: Long term Contract
Position Overview:
The Data Analyst works as part of the Data Platform Team within the Data & Analytics Group. The primary responsibilities are to analyze enterprise and vendor datasets, understand data characteristics and methodologies, and collaborate across business and technology teams to manage data onboarding and data lifecycle. The analyst will work on analyzing data profiles and data cleansing and quality check requirements, working with the dev team to build and enhance data pipelines while maintaining proper quality and control around the data sets.
Primary Responsibilities:
End-to-end analysis of business processes, data flows, and data usage to improve business productivity through re-engineering and data governance.
Interact with business stakeholders to identify, prioritize, and address data-related needs and issues.
Document business requirements and use cases for data-related projects.
Review, analyze data consumption patterns for enterprise core data in the IM Data Warehouse.
Coordinate with data owners and other teams to implement solutions.
Coordinate the onboarding of data from various internal / external sources into the central repository.
Work closely with Data Owners/Owner delegates on data analysis and development data quality (DQ) rules. Work with IT on enhancing DQ controls.
Manage change control process and participate in user acceptance testing (UAT) activities.
Support other DAG initiatives.",https://www.dice.com/job-detail/1d0f0af8-e5c7-4128-8c1e-21b2d0c941d7
Data Analyst,ISite Technologies Inc,N/A,"JOB: Data Analyst
EXPERIENCE : 12 Years
LOCATION: Boston, MA USA
SKILLS: Investment Management experience.
End-to-end analysis of business processes, data flows, and data usage to improve business productivity through re-engineering and data governance.
Review, analyze data consumption patterns for enterprise core data in the IM Data Warehouse.
Coordinate the onboarding of data from various internal / external sources into the central repository.
Manage change control process and participate in user acceptance testing (UAT) activities.
Support other DAG initiatives.
Extensive hands-on experience analyzing and interpreting investment data with strong knowledge of the Investment Management industry
8+ years of Investment Management experience.
Strong SQL skills Experience with Snowflake is a plus.
Knowledge of Data Governance & Data Quality and the relevant tools.
Hands-on experience in project management
Ability to manage enterprise scale data projects.
Experience working with positions, trades, transactions datasets
Familiar with agile process and JIRA",https://www.dice.com/job-detail/9aa089d3-3852-4b30-bb2a-c3d6ebbc2156
Data Analyst - OpenData,Veeva Systems,N/A,"Veeva Systems is a mission-driven organization and pioneer in industry cloud, helping life sciences companies bring therapies to patients faster. As one of the fastest-growing SaaS companies in history, we surpassed $2B in revenue in our last fiscal year with extensive growth potential ahead.

At the heart of Veeva are our values: Do the Right Thing, Customer Success, Employee Success, and Speed. We're not just any public company - we made history in 2021 by becoming a public benefit corporation (PBC), legally bound to balancing the interests of customers, employees, society, and investors.

As a Work Anywhere company, we support your flexibility to work from home or in the office, so you can thrive in your ideal environment.

Join us in transforming the life sciences industry, committed to making a positive impact on its customers, employees, and communities.



This role will be focused on analyzing product data, validating incoming data feeds, identifying data quality issues, and investigating customer requests for OpenData. Secondary responsibilities include product reporting and dashboarding. We value end-to-end ownership, giving you the freedom to determine the correct course of action, do all due diligence, and execute solutions in your own creative way.











#LI-RemoteUS

Veeva's headquarters is located in the San Francisco Bay Area with offices in more than 15 countries around the world.

Veeva is an equal opportunity employer. All qualified applicants will receive consideration for employment without regard to race, color, sex, sexual orientation, gender identity or expression, religion, national origin or ancestry, age, disability, marital status, pregnancy, protected veteran status, protected genetic information, political affiliation, or any other characteristics protected by local laws, regulations, or ordinances. If you need assistance or accommodation due to a disability or special need when applying for a role or in our recruitment process, please contact us at",https://www.dice.com/job-detail/aab546f6-07bb-47ec-99f0-dd050fff0008
Investment Data Analyst,MassMutual,N/A,"Investment Data Analyst

Investment Data Strategy & Governance Team

Full-Time

Boston, MA, New York, NY or Springfield, MA

The Opportunity

We are seeking a highly motivated and experienced Investment Data Product Analyst who will be responsible for creating and maintaining end to end business lineage of our critical data (sub-domain and elements) and contribute to business data modelling while working with data stewards to drive catalog completeness and review. The data analyst will also be responsible for tracking and creating reports of key metrics for data governance. This role reports to the Head of Investment Data Strategy and Governance. The ideal candidate will have a good understanding of investment data requirements and understand the language of investment data. The candidate also should be comfortable working with data tools such as SQL and Python and be able to understand logic embedded in ETL tools such as Informatica and stored procedures. Experience working in businesses with a varied mix of investment types (public, private and structured) will be a major plus.



You will be a key member of the Investment Data Strategy and Governance team within Investment Management. We ensure that our strategy for sourcing, aggregating, distributing, and governing Investment data adequately meets the broad requirements of the business community and we are accountable for defining, communicating, and driving forward the data strategy for the investment ecosystem. We partner with teams across Investment Management, Enterprise Risk Management, Corporate Finance, Enterprise Technology, Corporate PMO, MassMutual affiliates and external third parties.



The Investment Data Analyst will have an impact in the following areas:














































#LI-FT1


$99,800.00-$131,000.00

At MassMutual, we focus on ensuring fair equitable pay, by providing competitive salaries, along with incentive and bonus opportunities for all employees. Your total compensation package includes either a bonus target or in a sales-focused role a Variable Incentive Compensation component.



We've been around since 1851. During our history, we've learned a few things about making sure our customers are our top priority. In order to meet and exceed their expectations, we must have the best people providing the best thinking, products and services. To accomplish this, we celebrate an inclusive, vibrant and diverse culture that encourages growth, openness and opportunities for everyone. A career with MassMutual means you will be part of a strong, stable and ethical business with industry leading pay and benefits. And your voice will always be heard.

We help people secure their future and protect the ones they love. As a company owned by our policyowners, we are defined by mutuality and our vision to put customers first. It's more than our company structure - it's our way of life. We are a company of people protecting people. Our company exists because people are willing to share risk and resources, and rely on each other when it counts. At MassMutual, we Live Mutual.

MassMutual is an Equal Employment Opportunity employer Minority/Female/Sexual Orientation/Gender Identity/Individual with Disability/Protected Veteran. We welcome all persons to apply. Note: Veterans are welcome to apply, regardless of their discharge status.

If you need an accommodation to complete the application process, please contact us and share the specifics of the assistance you need.

At MassMutual, we focus on ensuring fair, equitable pay by providing competitive salaries, along with incentive and bonus opportunities for all employees. Your total compensation package includes either a bonus target or in a sales-focused role a Variable Incentive Compensation component. For more information about our extensive benefits offerings please check out our Total Rewards at a Glance.",https://www.dice.com/job-detail/4e6f4ced-f4b3-4e7b-b529-3a4f30d48b13
Senior Investment Data Analyst,MassMutual,N/A,"Senior Investment Data Analyst

Investment Data Strategy & Governance Team

Full-Time

Boston, MA, New York, NY or Springfield, MA

The Opportunity

We are seeking a highly motivated and experienced Senior Investment Data Product Analyst who will be responsible for setting the strategy for end-to-end business lineage of our critical data (sub-domain and elements) and will be responsible for business data modelling of one or more data domains while empowering data stewards to drive catalog completeness and review. The senior investment data analyst will report to the Head of Investment Data Strategy and Governance. The senior investment data analyst will also be responsible for tracking and reporting key metrics for data governance to data consumers and senior management. The ideal candidate will have a good understanding of investment data requirements and understand the language of investment data. The candidate is an expert in working with data tools such as SQL and Python and be able to understand logic embedded in ETL tools such as Informatica and stored procedures. Experience working in businesses with a varied mix of investment types (public, private and structured) is required.



You will be a key member of the Investment Data Strategy and Governance team within Investment Management. We ensure that our strategy for sourcing, aggregating, distributing, and governing Investment data adequately meets the broad requirements of the business community and we are accountable for defining, communicating, and driving forward the data strategy for the investment ecosystem. We are currently in the midst of setting up a comprehensive data governance framework for Investment Management identifying data owners and stewards from across Risk Analytics, Investment Operations and Investment Accounting. We are also partnering with Enterprise Technology to design and deliver a new strategic data platform for the IM business with industry standard concepts such as Bronze/ Silver and Gold Zone data layers, Data Mesh setup and Virtualization layers. We partner with teams across Investment Management, Enterprise Risk Management, Corporate Finance, Enterprise Technology, Corporate PMO, MassMutual affiliates and external third parties.



The Senior Investment Data Analyst will have an impact in the following areas:














































#LI-FT1



$118,900 - $156,000



We've been around since 1851. During our history, we've learned a few things about making sure our customers are our top priority. In order to meet and exceed their expectations, we must have the best people providing the best thinking, products and services. To accomplish this, we celebrate an inclusive, vibrant and diverse culture that encourages growth, openness and opportunities for everyone. A career with MassMutual means you will be part of a strong, stable and ethical business with industry leading pay and benefits. And your voice will always be heard.

We help people secure their future and protect the ones they love. As a company owned by our policyowners, we are defined by mutuality and our vision to put customers first. It's more than our company structure - it's our way of life. We are a company of people protecting people. Our company exists because people are willing to share risk and resources, and rely on each other when it counts. At MassMutual, we Live Mutual.

MassMutual is an Equal Employment Opportunity employer Minority/Female/Sexual Orientation/Gender Identity/Individual with Disability/Protected Veteran. We welcome all persons to apply. Note: Veterans are welcome to apply, regardless of their discharge status.

If you need an accommodation to complete the application process, please contact us and share the specifics of the assistance you need.

At MassMutual, we focus on ensuring fair, equitable pay by providing competitive salaries, along with incentive and bonus opportunities for all employees. Your total compensation package includes either a bonus target or in a sales-focused role a Variable Incentive Compensation component. For more information about our extensive benefits offerings please check out our Total Rewards at a Glance.",https://www.dice.com/job-detail/ac9b8b03-45ba-483e-9b94-25387ab5fe47
"Vulnerability Management Data Analyst, Vice President",State Street Corporation,N/A,"Who we are looking for

State Street seeks to recruit an experienced data analyst within its Global Cybersecurity Vulnerability Management team. This role involves working with domain experts to develop novel analytics for cybersecurity risk management solutions. Analysts apply skill and experience to datasets using SQL and scripting languages to surface meaningful insights and partner with key stakeholders.

What you will be responsible for
Use your understanding of Security Data Science and Graph Theory to analyse cybersecurity data.
Work hand in hand with product owners and domain experts from across the Global Cybersecurity organization to develop novel analytics for security and risk management solutions.
Analyse datasets using SQL and scripting languages to surface meaningful/actionable insights and opportunities to partner teams and other key stakeholders







Our technology function, Global Technology Services (GTS), is vital to State Street and is the key enabler for our business to deliver data and insights to our clients. We're driving the company's digital transformation and expanding business capabilities using industry best practices and advanced technologies such as cloud, artificial intelligence and robotics process automation.

We offer a collaborative environment where technology skills and innovation are valued in a global organization. We're looking for top technical talent to join our team and deliver creative technology solutions that help us become an end-to-end, next-generation financial services company.

Join us if you want to grow your technical skills, solve real problems and make your mark on our industry.



State Street is one of the largest custodian banks, asset managers and asset intelligence companies in the world. From technology to product innovation we're making our mark on the financial services industry. For more than two centuries, we've been helping our clients safeguard and steward the investments of millions of people. We provide investment servicing, data & analytics, investment research & trading and investment management to institutional clients.

We make all efforts to create a great work environment. Our benefits packages are competitive and comprehensive. Details vary in locations, but you may expect generous medical care, insurance and savings plans among other perks. You'll have access to flexible Work Program to help you match your needs. And our wealth of development programs and educational support will help you reach your full potential.

We truly believe our employees' diverse backgrounds, experiences and perspective are a powerful contributor to creating an inclusive environment where everyone can thrive and reach their maximum potential while adding value to both our organization and our clients. We warmly welcome the candidates of diverse origin, background, ability, age, sexual orientation, gender identity and personality. Another fundamental value at State Street is active engagement with our communities around the world, both as a partner and a leader. You will have tools to help balance your professional and personal life, paid volunteer days, matching gift program and access to employee networks that help you stay connected to what matters to you.

State Street is an equal opportunity and affirmative action employer.

Discover more at StateStreet.com/careers


$120,000 - $187,500 Annual

The range quoted above applies to the role in the primary location specified. If the candidate would ultimately work outside of the primary location above, the applicable range could differ.



It is unlawful in Massachusetts to require or administer a lie detector test as a condition of employment or continued employment. An employer who violates this law shall be subject to criminal penalties and civil liability.",https://www.dice.com/job-detail/93c95492-7c34-46ba-a0c9-2ae0ee88ac57
Data Analyst - Corporate Technology Data Engineering & Analytics,MassMutual,N/A,"The Opportunity

Join our dynamic team as a Data Analyst - Corporate Technology Data Engineering & Analytics, where you'll play a pivotal role in driving the execution of our data strategy. This role is crucial in driving digital transformation and operational efficiency across financial systems that support Actuarial, FP&A, Reinsurance, Treasury, Accounting and Tax functions and requires a balance of technical expertise, business acumen, and leadership capabilities. You will work cross-functionally to deliver insights, mentor team members, define standards, and collaborate with both onshore and offshore teams to enable high-quality, scalable data solutions.

The Team

You'll be an integral part of our esteemed Corporate Technology Team, focused on Data Engineering & Analytics. Our team operates on a global scale, driving innovation and excellence across diverse areas of expertise. As a Data Analyst, you'll play a pivotal role in high impact Corporate Technology Finance Initiatives, ensuring alignment with organizational objectives and driving impactful outcomes. This is an opportunity to collaborate closely with our Corp Technology leadership team as well as our CFO customers. Our team thrives on collaboration, innovation, and a shared commitment to excellence. Together, we're shaping the future of technology within our organization and making a lasting impact on a global scale. Join us and be part of a dynamic team where your contributions will be valued and your potential unleashed.







#LI-RK1


$144,800.00-$190,000.00

At MassMutual, we focus on ensuring fair equitable pay, by providing competitive salaries, along with incentive and bonus opportunities for all employees. Your total compensation package includes either a bonus target or in a sales-focused role a Variable Incentive Compensation component.



We've been around since 1851. During our history, we've learned a few things about making sure our customers are our top priority. In order to meet and exceed their expectations, we must have the best people providing the best thinking, products and services. To accomplish this, we celebrate an inclusive, vibrant and diverse culture that encourages growth, openness and opportunities for everyone. A career with MassMutual means you will be part of a strong, stable and ethical business with industry leading pay and benefits. And your voice will always be heard.

We help people secure their future and protect the ones they love. As a company owned by our policyowners, we are defined by mutuality and our vision to put customers first. It's more than our company structure - it's our way of life. We are a company of people protecting people. Our company exists because people are willing to share risk and resources, and rely on each other when it counts. At MassMutual, we Live Mutual.

MassMutual is an Equal Employment Opportunity employer Minority/Female/Sexual Orientation/Gender Identity/Individual with Disability/Protected Veteran. We welcome all persons to apply. Note: Veterans are welcome to apply, regardless of their discharge status.

If you need an accommodation to complete the application process, please contact us and share the specifics of the assistance you need.

At MassMutual, we focus on ensuring fair, equitable pay by providing competitive salaries, along with incentive and bonus opportunities for all employees. Your total compensation package includes either a bonus target or in a sales-focused role a Variable Incentive Compensation component. For more information about our extensive benefits offerings please check out our Total Rewards at a Glance.",https://www.dice.com/job-detail/59cf427e-b529-4a88-8737-1d4e61e868d1
Data Analyst (App developer),Katalyst Healthcares and Lifesciences,N/A,"Job Description:
s a Data Analyst with a focus on App Development, you will play a crucial role in building applications that streamline data visualizations and empower bioinformatics and non-bioinformatics stakeholders. You will work closely with researchers to understand their needs and transform requirements into efficient, user-friendly software solutions. Your work will enable scientists to leverage data effectively, driving innovative research and development initiatives.

Responsibilities:
pp Development: Design, develop and refactor applications that enhance the accessibility and usability of genomic data, integrating user feedback for continuous improvement.
Understanding User Requirements: Engage with bioinformatics research scientists to gather and analyze requirements, translating them into technical specifications and application features.
Enabling Team Success: Collaborate with cross-functional teams to ensure applications are aligned with common data model standards and facilitate effective data management and querying.",https://www.dice.com/job-detail/342d425e-831e-41db-ba12-ffada85f49fb
Senior Clinical Data Analyst,Katalyst Healthcares and Lifesciences,N/A,"Job Description:
This position focuses on assisting with analysing data and deriving insights from clinical and safety data sources to generate evidence and support decision making across the organization. The Associate will leverage a variety of analytics and visualization techniques to contribute to research, clinical development, drug safety and post-marketing activities.
Responsibilities:
Collaborates and works closely with cross-functional teams, including data analysts/engineers and business stakeholders, to understand their needs and gather requirements.
Cleans, transforms and pre-processes data to ensure data quality, consistency and compatibility for analysis.
Develops and implements data analysis plans to answer clinical and safety questions.
Applies analytical and/or statistical techniques to analyse data and generate insights on safety questions.
Visualizes data and results to share insights with technical and non-technical cross-functional stakeholders.",https://www.dice.com/job-detail/d7f0c895-e97e-4e4a-aa30-e79c5f783f9f
"SENIOR DATA ANALYST, ENROLLMENT & MARKETING, Graduate Enrollment",Boston University,N/A,"Job Description

The Senior Data Analyst, Enrollment and Marketing Insights, provides comprehensive data analysis and reporting to support Graduate Enrollment marketing and enrollment strategies. This role analyzes marketing campaign performance, website data, enrollment trends, and student lifecycle data to provide actionable insights that optimize marketing efforts, drive enrollment growth, and inform strategic decision-making.

The Analyst collaborates closely with both the Admission, Operations, & Policy team and the Strategic Marketing & Communication team.

Essential Functions:
Enrollment Data Analysis
Analyze key enrollment metrics (application volume, yield rates, time-to-decision, etc.) to identify trends, predict outcomes, and inform strategic enrollment planning.



Cover letter and resume required

Qualifications:

We are an equal opportunity employer, and all qualified applicants will receive consideration for employment without regard to race, color, natural or protective hairstyle, religion, sex, age, national origin, physical or mental disability, sexual orientation, gender identity, genetic information, military service, pregnancy or pregnancy-related condition, or because of marital, parental, or veteran status. We are a VEVRAA Federal Contractor.",https://www.dice.com/job-detail/87eb2032-0fad-49f9-ba6a-4eb98464d598
Data Analyst Trade Operations,The Ceres Group,N/A,"The Trade Operations & Data Analyst will be a key member of the Investment Operations department with a primary focus on security reference data, characteristics data and overall asset data quality. The successful candidate will play a key role in formulating operational strategy, managing operational risk, creating and documenting efficient workflows, and supporting new initiatives for the firm. This person will work closely with other members of the Investment Operations and Technology teams as well as our Research Analysts, Portfolio Managers, and Traders. This position requires the ability to think strategically, with a continuous improvement mindset, the ability to demonstrate ownership to stakeholders around the firm, strong attention to detail, excellent communication skills, and an ability to work in a collaborative team atmosphere. Primary duties include the following:
Responsible for accurate setup/maintenance of security master reference data
Analyze and resolve complex data exceptions efficiently to ensure that data delivered to trading/compliance systems and all internal stakeholders is accurate",https://www.dice.com/job-detail/5c894da5-f74c-4f39-9cd2-64401868db4c
"Data Analyst - Data quality (DQ), Data Governance, Investment data mgt exp-12+ Mths Cont, Boston MA",Zen & Art,N/A,"Data Analyst - Data quality (DQ), Data Governance, Investment data mgt -12+ Mths Cont, Boston MA
Level 4
Description:
Position Description
Position Title: Data Analyst
Location: Boston, MA ( Hybrid, 4 days a week in office)

Position Overview:
The Data Analyst works as part of the Data Platform Team within the Data & Analytics Group. The primary responsibilities are to analyze enterprise and vendor datasets, understand data characteristics and methodologies, and collaborate across business and technology teams to manage data onboarding and data lifecycle. The analyst will work on analyzing data profiles and data cleansing and quality check requirements, working with the dev team to build and enhance data pipelines while maintaining proper quality and control around the data sets.

Primary Responsibilities:
End-to-end analysis of , and data usage to improve business productivity through re-engineering and .
Interact with business stakeholders to identify, prioritize, and address data-related needs and issues.
Document business requirements and use cases for data-related projects.
Review, analyze for enterprise core data in the IM
Coordinate with data owners and other teams to implement solutions.
Coordinate the onboarding of data from various internal / external sources into the central repository.
Work closely with Data Owners/Owner delegates on and development (DQ) rules. Work with IT on enhancing
Manage process and participate in user acceptance testing (UAT) activities.
Support other DAG initiatives.

Key Qualifications / Skills:",https://www.dice.com/job-detail/7404c421-edbd-457d-ae45-5f43b1c6889a
Business/Data Analyst- Commercial Pharma Experience,Eliassen Group,N/A,"Description: **Hybrid 2 days onsite in Cambridge, MA**
We are seeking a skilled Business/Data Analyst to join our team at a leading biotech company. In this role, you'll document data/reporting for our Therapeutic Area, gather business requirements, and facilitate stakeholder meetings. Collaborate with marketing leaders and technical teams to shape solutions and ensure compliance with industry regulations. Your SQL expertise and strong analytical skills will drive success. Apply now to make a meaningful impact in the biotech industry.

Rate: $50 - $58/hr

Due to client requirement, applicants must be willing and able to work on a w2 basis. For our w2 consultants, we offer a great benefits package that includes Medical, Dental, and Vision benefits, 401k with company matching, and life insurance.

Responsibilities:",https://www.dice.com/job-detail/0fc57992-72a7-4a89-adc0-d5d5f208e0a0
Healthcare Lead Technical Data Analyst,Combined Computer Resources,N/A,"Summary
Looking for Sr Data Analyst / Tech leads to support teams in US and Nepal. This position is responsible for analyzing, implementing, and maintaining data pipelines into an industry-leading analytics platform. This position requires individuals who will provide leadership and guidance and strategic insights. This role is an excellent opportunity for a senior analyst who wants to take the next step to management by moving from an individual contributing data analyst to a leader within a team.
Primary skills: Healthcare (payor or provider), Cloud, Big Data
Healthcare Industry Knowledge - ( Healthcare Data Standards Understanding of ICD-10, CPT, HCPCS, LOINC, SNOMED coding systems.)
Electronic Health Records (EHRs) Experience with Epic, Cerner, Meditech, or other EHR platforms",https://www.dice.com/job-detail/2b18ac98-9d29-40a9-9146-30ba9ec41d81
"Data Analyst II, Value Based Care",Mass General Brigham,N/A,"Site: Mass General Brigham Incorporated

Mass General Brigham relies on a wide range of professionals, including doctors, nurses, business people, tech experts, researchers, and systems analysts to advance our mission. As a not-for-profit, we support patient care, research, teaching, and community service, striving to provide exceptional care. We believe that high-performing teams drive groundbreaking medical discoveries and invite all applicants to join us and experience what it means to be part of Mass General Brigham.

Data Analyst II, Value Based Care MGB Digital is Hiring for our growing team to support initiatives across our enterprise healthcare system

Job Summary
As a not-for-profit organization, Mass General Brigham is committed to supporting patient care, research, teaching, and service to the community by leading innovation across our system.

We're focused on a people-first culture for our system's patients and our professional family. That's why we provide our employees with more ways to achieve their potential.

Mass General Brigham is committed to aligning our employees' personal aspirations with projects that match their capabilities and creating a culture that empowers our managers to become trusted mentors. We support each member of our team to own their personal development-and we recognize success at every step. Our employees use the Mass General Brigham values to govern decisions, actions, and behaviors. These values guide how we get our work done: Patients, Affordability, Accountability & Service Commitment, Decisiveness, Innovation & Thoughtful Risk; and how we treat each other: Diversity & Inclusion, Integrity & Respect, Learning, Continuous Improvement & Personal Growth, Teamwork & Collaboration.

The Opportunity

The Data Analyst II, within the Mass General Brigham Enterprise Analytics (EA) Department, is responsible for identifying, querying, analyzing, and visualizing data through reports and presentations, a variety of data to support operations, quality and performance measurement initiatives throughout Mass General Brigham, including its acute and specialty hospitals around greater Boston. The Data Analyst II will be responsible for providing analytics insights to leadership at various levels within the organization. The position requires close collaboration and dialogue with clinical personnel, various analytic groups, and hospital and system leadership. The Enterprise Analytics Department supports data and reporting across most domains of the hospital operations and could include areas such as patient satisfaction, patient safety, clinical outcomes, asset utilization, and more. The successful Data Analyst II will create lasting relationships with hospital leadership by becoming highly proficient in the data within his or her designated areas of expertise. Regular responsibilities include gathering requirements, performing qualitative and quantitative analyses, finding and querying complex data, and sharing data and results in a digestible, visually appealing, way. In addition, the Data Analyst II will share best practice methodologies with other analysts and train end-users on various tools as needed, growing the team's wealth of knowledge and documentation. The team mainly relies on Microsoft SQL Server, Tableau, the Microsoft Office suite, and is partnering with the MGB Digital data platform teams on a journey to build a new data platform with Microsoft Azure Cloud and Snowflake, and leverages other tools and technologies on an as needed basis.

Principal Duties and Responsibilities

1. Elicits data and reporting requirements from hospital leadership, clinicians, and other staff, using interviews, document analysis, requirements workshops, site visits, use cases, scenarios, data analysis, task, and workflow analysis.
2. Queries and analyzes data from hospital systems such as our electronic medical record system (Epic), enterprise data warehouse (EDW), external websites, and more, to glean meaningful insights and produce actionable reports for internal customers.
3. Presents data and analyses to key stakeholder groups and hospital leadership, including creating materials for and giving presentations as needed.
4. Works with EA and Digital staff in design, maintenance, and distribution of reports while also overseeing ad hoc data analyses and new report development as needed.
5. Works with EA and Digital staff to continually improve our analytical capabilities with SQL, Tableau, and other analytic platforms, which includes but not limited to dashboard and report development, QA of existing reports, and documentation of system functionality.
6. Performs comprehensive quality assurance, ensuring that data and reports meet end user specifications and are accurate and reliable.
7. Works with new and existing EA analysts to share knowledge in methods of data analysis, summarization, and presentation. Trains end-users on key analytic and reporting systems and databases.
8. Partner with MGB Digital teams to leverage existing tools, methods, and processes in order to deliver timely information to operations stakeholders across MGB, including leveraging Microsoft Azure, Snowflake, and Informatica cloud tools.
9. Effectively recognizes when additional help or guidance is needed and seeks it out proactively.
10. Represents EA on internal and external committees or task forces as needed.
11. Performs all other related duties as required.



1. Bachelor's degree in management, information systems, statistics, or equivalent experience.2. At least 3-5 years of experience, preferably in a related analytics position.

3. Healthcare knowledge, particularly as it pertains to electronic medical record data, is preferred but not required.

4. Working knowledge of relational databases, SQL, data visualization, and Business Intelligence tools such as Tableau and proficiency in at least one of these areas.

5. Knowledge and application of statistical analyses including variance analysis and statistical significance preferred.

6. Developing knowledge and application of workflows and data structures of underlying MGB systems, especially Epic, preferred.

7. Experience with Epic Clarity, Caboodle, and/or Cogito a plus

8. Project management skills and/or experience a plus.

9. Proficiency with Microsoft Office Suite, including Word, Excel and PowerPoint.

Skills and Abilities

1. Strong ability to work and communicate effectively with staff at various levels within the organization.

2. Experience with querying, manipulating, cleansing, and statistically analyzing large data sets using tools such as SQL Server Management Studio.

3. Proficiency with Excel, manipulating large data sets and synthesizing into digestible information, including polished visualizations.

4. Experience presenting data through the building of dashboards and reports using business intelligence tools such as Tableau (preferred). With direction from more senior teammates, create data visualizations that are suitable for presentation to senior leaders.

5. Ability to clearly communicate complex and sensitive data to hospital leaders as well as peers.

6. Strong written and verbal communication skills, with the ability to tailor message to individuals and audiences throughout the institution.

7. Strong organizational skills, with the ability to focus detailed concentrated effort on multiple projects and take direction regarding appropriate prioritization. 8. Possesses initiative and ability to work independently while thriving in a setting requiring collaboration and teamwork for maximal efficiency and effectiveness.

9. Attention to detail that ensures follow through on all initiatives implemented, and all projects undertaken.

10. Ability to effectively respond to time sensitive issues and meet deadlines.







Hybrid



399 Revolution Drive



40



Regular



Day (United States of America)



Mass General Brigham Incorporated is an Equal Opportunity Employer. All qualified applicants will receive consideration for employment without regard to race, color, religious creed, national origin, sex, age, gender identity, disability, sexual orientation, military service, genetic information, and/or other status protected under law. We will ensure that all individuals with a disability are provided a reasonable accommodation to participate in the job application or interview process, to perform essential job functions, and to receive other benefits and privileges of employment. To ensure reasonable accommodation for individuals protected by Section 503 of the Rehabilitation Act of 1973, the Vietnam Veteran's Readjustment Act of 1974, and Title I of the Americans with Disabilities Act of 1990, applicants who require accommodation in the job application process may contact Human Resources at .



At Mass General Brigham, our competency framework defines what effective leadership ""looks like"" by specifying which behaviors are most critical for successful performance at each job level. The framework is comprised of ten competencies (half People-Focused, half Performance-Focused) and are defined by observable and measurable skills and behaviors that contribute to workplace effectiveness and career success. These competencies are used to evaluate performance, make hiring decisions, identify development needs, mobilize employees across our system, and establish a strong talent pipeline.",https://www.dice.com/job-detail/0b783db5-d880-4918-8e74-5bb0fd128305
Senior Data Analyst,Mass General Brigham,N/A,"Site: Mass General Brigham Incorporated

Mass General Brigham relies on a wide range of professionals, including doctors, nurses, business people, tech experts, researchers, and systems analysts to advance our mission. As a not-for-profit, we support patient care, research, teaching, and community service, striving to provide exceptional care. We believe that high-performing teams drive groundbreaking medical discoveries and invite all applicants to join us and experience what it means to be part of Mass General Brigham.

This position is hybrid, requiring 4x per month onsite at Assembly Row in Somerville, MA. Remote working days require a quiet and secure workstation during Eastern standard business hours.

Job Summary
About Us:

As a not-for-profit organization, Mass General Brigham is committed to supporting patient care, research, teaching, and service to the community by leading innovation across our system. Founded by Brigham and Women's Hospital and Massachusetts General Hospital, Mass General Brigham supports a complete continuum of care including community and specialty hospitals, a managed care organization, a physician network, community health centers, home care, and other health-related entities. Several of our hospitals are teaching affiliates of Harvard Medical School, and our system is a national leader in biomedical research.

We're focused on a people-first culture for our system's patients and our professional family. That's why we provide our employees with more ways to achieve their potential. Mass General Brigham is committed to aligning our employees' personal aspirations with projects that match their capabilities and creating a culture that empowers our managers to become trusted mentors. We support each member of our team to own their personal development-and we recognize success at every step. Our employees use the Mass General Brigham values to govern decisions, actions, and behaviors. These values guide how we get our work done: Patients, Affordability, Accountability & Service Commitment, Decisiveness, Innovation & Thoughtful Risk; and how we treat each other: Diversity & Inclusion, Integrity & Respect, Learning, Continuous Improvement & Personal Growth, Teamwork & Collaboration.

The Opportunity:

The Senior Data Analyst, within the Mass General Brigham Office of the Chief Operating Officer is responsible for identifying, querying, analyzing, and visualizing data through reports and presentations, a variety of data to support operations, quality, and performance measurement initiatives throughout the Mass General Brigham Transplant Programs. The Senior Data Analyst will be part of the Enterprise Operations Insights (EOI) team responsible for providing analytics insights to Transplant leadership at various levels within the organization. The position requires close collaboration and dialogue with clinical personnel, various analytic groups, and hospital and system leadership. The Senior Data Analyst will interface with Transplant Center leaders and program management to provide data-driven direction to their respective teams with a focus on supporting leadership priorities as it relates to quality assurance and process improvement (QAPI), regulatory compliance reporting, business development, financial reporting, and strategic planning. Responsibilities encompass the defining a project scope, analyses, and presenting complex data in a digestible, visually appealing, way. In addition, the Senior Data Analyst will serve as a resource and role model for other EOI data analysts, sharing best practice methodologies, training other analysts and end-users, and growing the team's wealth of knowledge and documentation. The tools the team uses include Snowflake, DBT, Microsoft SQL Server, Collibra, Tableau, and the Microsoft Office suite. In addition, the Transplant program incorporate external data which is used for managing the transplant and organ donation including OPTN, UNOS and SRTR.

Principal Duties and Responsibilities

1. Elicits data and reporting requirements from hospital leadership, clinicians, and other staff, using interviews, document analysis, requirements workshops, site visits, use cases, scenarios, data analysis, task, and workflow analysis.

2. Queries and analyzes data from hospital systems such as our electronic medical record system (Epic), UNOS, SRTR, and more, to glean meaningful insights and produce actionable reports for the Transplant Program.

3. Presents data and analyses to key stakeholder groups and hospital leadership, including creating materials for and giving presentations as needed.

4. Works with EA and Digital staff in design, maintenance, and distribution of reports while also overseeing ad hoc data analyses and new report development as needed.

5. Works with EA and Digital staff to continually improve our analytical capabilities with SQL, Tableau, and other analytic platforms, which includes but not limited to dashboard and report development, QA of existing reports, and documentation of system functionality.

6. Performs comprehensive quality assurance, ensuring that data and reports meet end user specifications and are accurate and reliable.

7. Works with new and existing EA analysts to share knowledge in methods of data analysis, summarization, and presentation. Trains other analysts and end-users on key analytic and reporting systems and databases.

8. Partner with MGB Digital teams to leverage existing tools, methods, and processes to deliver timely information to operations stakeholders.

9. Effectively recognizes when additional help or guidance is needed and seeks it out proactively.

10. Represents EA on internal and external committees or task forces as needed.

11. Performs all other related duties as required.










Hybrid



399 Revolution Drive



40



Regular



Day (United States of America)



Mass General Brigham Incorporated is an Equal Opportunity Employer. All qualified applicants will receive consideration for employment without regard to race, color, religious creed, national origin, sex, age, gender identity, disability, sexual orientation, military service, genetic information, and/or other status protected under law. We will ensure that all individuals with a disability are provided a reasonable accommodation to participate in the job application or interview process, to perform essential job functions, and to receive other benefits and privileges of employment. To ensure reasonable accommodation for individuals protected by Section 503 of the Rehabilitation Act of 1973, the Vietnam Veteran's Readjustment Act of 1974, and Title I of the Americans with Disabilities Act of 1990, applicants who require accommodation in the job application process may contact Human Resources at .



At Mass General Brigham, our competency framework defines what effective leadership ""looks like"" by specifying which behaviors are most critical for successful performance at each job level. The framework is comprised of ten competencies (half People-Focused, half Performance-Focused) and are defined by observable and measurable skills and behaviors that contribute to workplace effectiveness and career success. These competencies are used to evaluate performance, make hiring decisions, identify development needs, mobilize employees across our system, and establish a strong talent pipeline.",https://www.dice.com/job-detail/23aa5aa6-e545-4f1f-b34c-073eddbcf16b
"Data Analyst, Associate",Aditi Consulting,N/A,"Payrate: $38.11- $40.11/ hr.

Responsibilities:
Composing Process Performance and Product Quality Monitoring deliverables. Examples include collating data for Annual Product Reviews, ensuring Process Monitoring documentation is in place, completing APR deliverables accurately and on time, and ensuring control limit deliverables are completed timely and accurately.
Ensuring data quality for Process Monitoring by confirming data is readily available in proper pipelines on a timely and accurate basis. This may include troubleshooting pipelines, adding conditions to process monitoring databases, or adding new sources to databases.
Troubleshooting existing dashboards and data visualization products owned by the team including but not limited to Spotfire Reports, Smartsheet Dashboards, Knowledge Management Databases, SIMCA multivariate models, etc.
Building existing capabilities into existing tools or build new digital tools through the use of applications such as SIMCA, Spotfire, Tableau, Smartsheet as required by internal customers",https://www.dice.com/job-detail/be4656cc-a630-4c7f-a507-885a5053bf2e
