Unigram,Frequency
to,617
the,578
you,577
and,569
i,512
a,433
will,290
of,243
as,242
want,228
is,223
in,216
for,212
my,212
with,206
act,178
first,157
your,156
on,132
an,124
that,117
do,111
provide,109
or,104
be,103
not,98
request,95
should,86
write,80
need,80
it,79
me,75
help,70
can,69
reply,64
their,53
this,52
about,51
only,50
explanations,50
are,49
use,49
how,47
any,47
like,45
by,44
from,43
when,40
if,40
up,38
code,37
make,36
what,36
include,34
give,34
suggestion,34
create,33
answer,33
have,33
them,32
language,32
prompt,32
also,30
into,30
one,30
nothing,30
else,30
question,28
advice,28
ask,27
other,27
words,26
so,26
information,26
such,26
new,26
order,26
type,25
english,25
tell,24
but,24
questions,24
come,24
please,23
list,23
text,23
something,23
at,23
could,23
suggest,23
some,23
based,22
each,21
all,21
job,21
people,20
more,20
sentence,20
topic,20
data,20
commands,19
am,19
knowledge,19
time,19
related,18
techniques,18
software,18
develop,17
using,17
inside,17
sentences,17
details,17
different,17
concepts,17
examples,17
ideas,17
dan,17
best,16
engaging,16
strategies,16
task,16
these,16
plan,16
example,16
creating,15
who,15
understanding,15
character,15
game,15
development,15
its,15
after,15
generate,14
table,14
given,14
key,14
which,14
topics,14
providing,14
design,14
explain,14
role,14
project,14
name,14
keep,13
word,13
detailed,13
sure,13
they,13
’,13
terminal,13
output,13
command,13
has,13
just,13
various,13
creative,13
between,13
through,13
move,13
input,13
goals,12
start,12
would,12
audience,12
then,12
etc,12
skills,12
review,12
work,12
out,12
individual,12
looking,12
professional,12
anything,12
generator,12
relevant,11
unique,11
block,11
curly,11
may,11
specific,11
while,11
tools,11
“,11
research,11
provided,11
way,11
title,11
technology,11
steps,11
expert,11
necessary,10
ensure,10
same,10
now,10
guide,10
able,10
potential,10
end,10
focus,10
life,10
suggestions,10
issues,10
ways,10
complex,10
writing,10
experience,10
application,10
options,10
been,10
practical,10
dont,10
moves,10
responses,10
developer,9
person,9
including,9
brackets,9
additional,9
stories,9
coach,9
goal,9
movie,9
within,9
down,9
problem,9
ai,9
improve,9
app,9
user,9
system,9
methods,9
guidance,9
understand,9
technical,9
content,9
where,9
insights,9
approach,9
because,9
describe,9
message,8
clear,8
10,8
1,8
show,8
putting,8
world,8
replies,8
respond,8
product,8
activities,8
s,8
engage,8
events,8
personal,8
”,8
go,8
both,8
effective,8
most,8
theme,8
say,8
solutions,8
problems,8
developing,8
feedback,8
composition,8
company,8
managing,8
back,8
over,8
available,8
learning,8
break,8
statement,8
users,8
students,8
notes,8
response,8
step,8
format,8
architectural,8
making,7
article,7
possible,7
must,7
unless,7
meaning,7
conversation,7
youll,7
numbers,7
column,7
number,7
correct,7
location,7
process,7
better,7
story,7
current,7
written,7
piece,7
easy,7
communication,7
express,7
put,7
study,7
instructions,7
resources,7
further,7
thoughts,7
career,7
well,7
consider,7
recommendations,7
along,7
book,7
pretend,7
python,7
here,7
there,7
next,7
body,7
lecture,7
share,7
without,7
try,7
bullet,7
we,7
board,7
concise,7
chatgpt,7
buddha,7
guess,7
outline,6
keyword,6
instruct,6
answers,6
pronunciations,6
lets,6
speech,6
tone,6
depending,6
might,6
interesting,6
those,6
helpful,6
suggesting,6
stay,6
song,6
points,6
our,6
web,6
important,6
yet,6
meaningful,6
short,6
explore,6
mathematical,6
needs,6
digital,6
market,6
someone,6
overall,6
mind,6
enhance,6
coding,6
patient,6
recommend,6
being,6
during,6
images,6
following,6
according,6
additionally,6
programming,6
continue,6
simple,6
tech,6
scenarios,6
no,6
sources,6
functionality,6
learn,6
interpreter,6
x,6
restaurant,6
architecture,6
summary,6
video,6
girl,6
tags,6
experienced,5
messages,5
seo,5
prompts,5
top,5
2,5
level,5
does,5
excel,5
speaking,5
teacher,5
practice,5
visit,5
target,5
needed,5
descriptions,5
analysis,5
than,5
take,5
achieve,5
involve,5
positive,5
music,5
present,5
opinion,5
frontend,5
characters,5
future,5
cover,5
made,5
feel,5
avoid,5
enough,5
yourself,5
ethical,5
terms,5
visuals,5
natural,5
designing,5
social,5
find,5
situation,5
follow,5
lifestyle,5
practices,5
budget,5
preferences,5
requirements,5
client,5
large,5
healthy,5
business,5
principles,5
machine,5
financial,5
artist,5
styles,5
tips,5
upon,5
appropriate,5
customer,5
space,5
internet,5
lot,5
products,5
think,5
get,5
accurate,5
idea,5
max,5
reviewing,5
none,5
responsible,5
solution,5
point,5
projects,5
exploring,5
concept,5
test,5
subject,5
offer,5
three,5
add,5
model,5
hello,5
expressions,5
regular,5
5,5
post,5
password,5
page,5
explanation,5
aspects,5
vessel,5
right,5
analogies,5
public,4
count,4
many,4
times,4
results,4
high,4
very,4
comprehensive,4
long,4
speak,4
translate,4
version,4
beautiful,4
once,4
letters,4
empty,4
result,4
assistant,4
turkish,4
istanbul,4
100,4
grammar,4
mistakes,4
factual,4
errors,4
remember,4
travel,4
state,4
series,4
know,4
promote,4
choose,4
media,4
reach,4
energy,4
young,4
educational,4
themes,4
session,4
children,4
progress,4
match,4
involved,4
routine,4
experiences,4
challenges,4
giving,4
upcoming,4
lyrics,4
bring,4
persuasive,4
conclusions,4
indepth,4
length,4
set,4
historical,4
critic,4
improving,4
solving,4
emotions,4
finding,4
inspire,4
breaking,4
pieces,4
stepbystep,4
online,4
intelligence,4
security,4
decisions,4
offering,4
tricks,4
trends,4
engineering,4
pet,4
behavior,4
helping,4
physical,4
fitness,4
factors,4
dream,4
single,4
services,4
assistance,4
features,4
history,4
treatment,4
focuses,4
cost,4
recipes,4
includes,4
us,4
engine,4
car,4
art,4
across,4
types,4
used,4
color,4
calling,4
staying,4
modern,4
relationships,4
description,4
address,4
last,4
teaching,4
ascii,4
per,4
detail,4
domain,4
paper,4
landscape,4
lunatic,4
logical,4
reasoning,4
writer,4
brand,4
line,4
informative,4
update,4
apply,4
utilize,4
another,4
analyze,4
original,4
virtual,4
basic,4
object,4
wrote,4
synonyms,4
engineer,4
image,4
markdown,4
send,4
solve,4
roles,4
read,4
php,4
blank,4
link,4
value,4
startup,4
sales,4
asking,4
youre,4
commit,4
n,4
playlist,4
letter,4
working,4
4,4
things,4
reaction,4
substance,4
note,4
structure,4
realworld,4
imagine,3
tasked,3
smart,3
contract,3
everyone,3
google,3
every,3
section,3
too,3
keywords,3
3,3
links,3
articles,3
spelling,3
improvements,3
interviewer,3
wait,3
row,3
reference,3
pronunciation,3
weather,3
near,3
cases,3
speaker,3
campaign,3
service,3
choice,3
aged,3
entertaining,3
imaginative,3
attention,3
talk,3
football,3
knowledgeable,3
intelligent,3
commentary,3
im,3
myself,3
composer,3
arguments,3
debate,3
team,3
success,3
organizing,3
feature,3
complete,3
genre,3
plot,3
direction,3
score,3
special,3
relationship,3
two,3
trying,3
powerful,3
together,3
action,3
beyond,3
philosophy,3
easytounderstand,3
philosophical,3
theories,3
everyday,3
demonstrating,3
works,3
student,3
artificial,3
form,3
somebody,3
website,3
testing,3
certain,3
reaching,3
attending,3
difficult,3
stress,3
news,3
provides,3
own,3
why,3
interests,3
wants,3
owner,3
accordingly,3
science,3
suitable,3
mental,3
health,3
wellbeing,3
manage,3
symptoms,3
home,3
perfect,3
house,3
event,3
account,3
transportation,3
safety,3
concerns,3
treatments,3
doctor,3
traditional,3
tests,3
alternatives,3
management,3
small,3
therefore,3
expertise,3
regarding,3
advisor,3
artists,3
charts,3
environment,3
assisting,3
term,3
seeking,3
contains,3
period,3
quality,3
initial,3
said,3
presenting,3
significant,3
motivated,3
items,3
quotes,3
run,3
gives,3
ip,3
few,3
going,3
braces,3
statistics,3
calculating,3
active,3
beginners,3
explaining,3
tables,3
queries,3
scientific,3
confirm,3
package,3
documentation,3
stackoverflow,3
github,3
repository,3
document,3
renewable,3
integrate,3
network,3
called,3
comments,3
always,3
did,3
strengths,3
improvement,3
justice,3
proper,3
executive,3
maps,3
interactive,3
deliver,3
around,3
routes,3
traffic,3
clients,3
cultural,3
primary,3
musical,3
style,3
major,3
cities,3
look,3
food,3
handle,3
accident,3
building,3
biblical,3
url,3
understandable,3
chess,3
free,3
shape,3
expression,3
ill,3
simply,3
size,3
emojis,3
crisis,3
fill,3
worksheets,3
second,3
performance,3
o,3
forms,3
8,3
enter,3
numbered,3
forward,3
react,3
search,3
documents,3
collection,3
let,3
core,3
wish,3
marketing,3
year,3
diagrams,3
diagram,3
under,3
songs,3
ive,3
resume,3
reactjs,3
immerse,3
rules,3
date,3
tokens,3
play,3
begin,3
chemical,3
previous,3
kanji,3
quiz,3
context,3
deeper,3
thinking,3
league,3
legends,3
references,3
crafting,3
yes,3
guesses,3
git,3
exercises,3
notation,3
flirting,3
chat,3
funny,3
dax,3
measures,3
branding,3
blockchain,2
save,2
purpose,2
functions,2
achieving,2
2000,2
headings,2
external,2
part,2
linux,2
translator,2
improver,2
corrected,2
improved,2
replace,2
simplified,2
a0level,2
elegant,2
literary,2
correction,2
cok,2
candidate,2
interview,2
position,2
hi,2
javascript,2
console,2
sheet,2
formulas,2
execute,2
translations,2
latin,2
phonetics,2
spoken,2
strictly,2
typos,2
place,2
places,2
similar,2
plagiarism,2
computers,2
emotional,2
manner,2
select,2
channels,2
targeting,2
adults,2
captivating,2
tales,2
capture,2
animals,2
matches,2
happened,2
far,2
terminology,2
rather,2
creativity,2
incorporate,2
relatable,2
motivational,2
poem,2
named,2
valid,2
side,2
opposing,2
evidence,2
away,2
hand,2
prepare,2
either,2
film,2
viewers,2
coming,2
filled,2
turns,2
until,2
readers,2
periods,2
aim,2
acting,2
cinematography,2
effects,2
emphasize,2
critical,2
power,2
convey,2
intriguing,2
choosing,2
catchy,2
sound,2
possibilities,2
smaller,2
applied,2
framework,2
decision,2
equations,2
thesis,2
uxui,2
designs,2
navigation,2
specialist,2
implementing,2
cybersecurity,2
strategy,2
qualified,2
even,2
objectives,2
plans,2
healthier,2
habits,2
origin,2
insightful,2
facts,2
climate,2
change,2
watch,2
determine,2
industries,2
beneficial,2
pursuing,2
particular,2
fields,2
advise,2
adjust,2
animal,2
become,2
exercise,2
nutrition,2
program,2
meditation,2
therapeutic,2
implement,2
real,2
agent,2
local,2
fit,2
takes,2
mitigate,2
risks,2
associated,2
meeting,2
diagnose,2
teeth,2
care,2
foods,2
consultant,2
organization,2
companys,2
languages,2
latest,2
medical,2
diagnosing,2
case,2
severe,2
pain,2
conventional,2
age,2
suffering,2
risk,2
laws,2
longterm,2
among,2
effectiveness,2
ends,2
–,2
light,2
parts,2
figure,2
whats,2
required,2
effectively,2
artwork,2
individuals,2
predictions,2
stock,2
looks,2
conditions,2
return,2
prices,2
query,2
tea,2
carefully,2
reporting,2
jargon,2
determining,2
green,2
room,2
hall,2
decorative,2
construct,2
requested,2
areas,2
outdoor,2
area,2
docker,2
paste,2
sharing,2
sessions,2
generated,2
reveal,2
access,2
fancy,2
via,2
comma,2
titles,2
statistical,2
confidence,2
helper,2
gave,2
school,2
algorithms,2
algorithm,2
sort,2
later,2
corresponding,2
whenever,2
database,2
vegetarian,2
recipe,2
calories,2
low,2
index,2
thought,2
ok,2
reviewer,2
found,2
submitted,2
contexts,2
added,2
competitors,2
benefits,2
websites,2
isnt,2
researching,2
identify,2
organize,2
material,2
accurately,2
architect,2
mapping,2
blueprint,2
integration,2
arbitrary,2
placed,2
call,2
assumptions,2
weaknesses,2
guides,2
taking,2
platforms,2
instagram,2
twitter,2
youtube,2
increase,2
awareness,2
socrat,2
socratic,2
method,2
questioning,2
beauty,2
attempt,2
logic,2
claim,2
creator,2
materials,2
courses,2
personalized,2
lead,2
relaxation,2
adjustments,2
community,2
essay,2
importance,2
manager,2
analytics,2
regularly,2
challenging,2
delivering,2
visualization,2
compelling,2
r,2
levels,2
construction,2
changes,2
past,2
uncovering,2
human,2
lives,2
interpret,2
interested,2
negative,2
allow,2
leaving,2
voice,2
asked,2
fashion,2
file,2
objects,2
cat,2
printhello,2
exist,2
diagnosis,2
experiencing,2
dinner,2
legal,2
outfits,2
formal,2
dataset,2
labels,2
svg,2
convert,2
player,2
white,2
field,2
secure,2
golang,2
angular,2
patterns,2
sights,2
interpretations,2
opinions,2
string,2
wrapping,2
aid,2
emergency,2
intermediate,2
standards,2
reports,2
reflect,2
capitalized,2
lowercase,2
t,2
imaginary,2
contents,2
pages,2
files,2
lists,2
solr,2
inline,2
json,2
having,2
separated,2
followed,2
option,2
third,2
theres,2
main,2
today,2
kiel,2
valuable,2
strategic,2
interest,2
least,2
nodes,2
node,2
actionable,2
ability,2
communicate,2
stuttering,2
partner,2
agreement,2
five,2
20,2
base,2
prd,2
drunk,2
randomly,2
random,2
map,2
mapped,2
explicitly,2
converting,2
al,2
inform,2
fully,2
indicate,2
understood,2
before,2
teachings,2
greetings,2
muslim,2
source,2
useful,2
wikipedia,2
paragraph,2
overview,2
japanese,2
evaluate,2
chose,2
notetaking,2
believe,2
separate,2
included,2
multilayered,2
ticket,2
specializing,2
journey,2
outside,2
asks,2
playing,2
dishes,2
theory,2
codes,2
responsibilities,2
answering,2
strong,2
junior,2
mentor,2
problemsolving,2
transcript,2
breakdown,2
ensuring,2
background,2
align,2
proceed,2
guidelines,2
tool,2
build,2
15,2
maximum,2
categories,2
scratch,2
push,2
guiding,2
encourage,2
support,2
algebraic,2
old,2
writes,2
emojees,2
carry,2
hey,2
exploration,2
intellectual,2
dimension,2
calendar,2
fact,2
oneway,2
onetomany,2
multiple,2
approaches,2
reflection,2
honest,2
reward,2
aye,2
linkedin,2
clarifier,2
specialized,2
optimized,2
refine,2
clarify,2
enhancement,2
iterative,2
refinement,2
accessible,2
general,2
focusing,2
discussing,2
clarity,2
overly,2
clarification,2
approachable,2
6,2
discussed,2
ethereum,1
messenger,1
objective,1
readable,1
writable,1
private,1
deployed,1
was,1
updated,1
solidity,1
considerations,1
specified,1
implementation,1
webpilot,1
heading,1
density,1
faqs,1
lsi,1
nlp,1
recommended,1
anchor,1
re,1
competing,1
split,1
pwd,1
corrector,1
detect,1
upper,1
istanbulu,1
seviyom,1
burada,1
olmak,1
guzel,1
consoleloghello,1
textbased,1
rows,1
cell,1
columns,1
l,1
header,1
cells,1
neat,1
limiting,1
practicing,1
close,1
istanbulbeyoğlu,1
museums,1
checker,1
undetected,1
checks,1
behave,1
humans,1
recognition,1
systems,1
nonverbal,1
vocabulary,1
advertiser,1
slogans,1
promotion,1
decide,1
advertising,1
drink,1
1830,1
storyteller,1
fairy,1
peoples,1
imagination,1
storytelling,1
eg,1
historybased,1
perseverance,1
commentator,1
commentate,1
thus,1
predicting,1
tactics,1
playersteams,1
primarily,1
narrating,1
playbyplay,1
watching,1
manchester,1
united,1
vs,1
chelsea,1
standup,1
comedian,1
wit,1
observational,1
anecdotes,1
humorous,1
politics,1
someones,1
affirmations,1
motivating,1
disciplined,1
studying,1
exam,1
instruments,1
synthesizers,1
samplers,1
melodies,1
harmonies,1
hayalet,1
sevgilim,1
debater,1
sides,1
debates,1
refute,1
view,1
draw,1
discussion,1
increased,1
insight,1
deno,1
debaters,1
motion,1
rounds,1
timing,1
refuting,1
drawing,1
prepared,1
whether,1
screenwriter,1
script,1
captivate,1
setting,1
dialogues,1
exciting,1
storyline,1
twists,1
keeps,1
suspense,1
romantic,1
drama,1
paris,1
novelist,1
fantasy,1
romance,1
fiction,1
outstanding,1
plotline,1
unexpected,1
climaxes,1
sciencefiction,1
novel,1
production,1
editing,1
pace,1
dialog,1
aspect,1
though,1
really,1
resonated,1
spoilers,1
interstellar,1
conflict,1
separating,1
anothers,1
perspectives,1
conflicts,1
spouse,1
poet,1
poems,1
evoke,1
stir,1
soul,1
feeling,1
verses,1
still,1
leave,1
imprint,1
minds,1
love,1
rapper,1
beats,1
rhythm,1
‘,1
wow,1
relate,1
comes,1
beat,1
combined,1
explosion,1
everytime,1
rap,1
strength,1
empowered,1
abilities,1
resonates,1
incentive,1
strive,1
never,1
posing,1
easier,1
comprehend,1
philosopher,1
depth,1
conducting,1
proposing,1
math,1
probability,1
tutor,1
processing,1
rhetorical,1
edit,1
masters,1
prototyping,1
prototypes,1
intuitive,1
mobile,1
cyber,1
stored,1
shared,1
protecting,1
malicious,1
actors,1
encryption,1
firewalls,1
policies,1
mark,1
suspicious,1
recruiter,1
openings,1
sourcing,1
applicants,1
candidates,1
networking,1
fairs,1
cv,1
dealing,1
etymologist,1
tracing,1
ancient,1
roots,1
changed,1
applicable,1
trace,1
origins,1
pizza,1
commentariat,1
thoughtfully,1
claims,1
discuss,1
presented,1
magician,1
performed,1
perform,1
deception,1
misdirection,1
amaze,1
astound,1
spectators,1
disappear,1
counselor,1
careers,1
suited,1
conduct,1
qualifications,1
pursue,1
behaviorist,1
exhibiting,1
psychology,1
modification,1
owners,1
aggressive,1
german,1
shepherd,1
aggression,1
trainer,1
fitter,1
stronger,1
training,1
devise,1
lose,1
weight,1
adviser,1
anxiety,1
cognitive,1
behavioral,1
therapy,1
mindfulness,1
depression,1
estate,1
property,1
housing,1
properties,1
criteria,1
family,1
downtown,1
logistician,1
efficient,1
logistical,1
allocating,1
beforehand,1
facilities,1
catering,1
scale,1
dentist,1
dental,1
xrays,1
cleanings,1
course,1
condition,1
educate,1
properly,1
brush,1
floss,1
oral,1
visits,1
addressing,1
sensitivity,1
cold,1
needing,1
redeveloping,1
interface,1
ecommerce,1
site,1
selling,1
jewelry,1
assisted,1
imaging,1
programs,1
likely,1
cause,1
examinations,1
laboratory,1
evaluation,1
accuracy,1
abdominal,1
illnesses,1
diseases,1
medicines,1
herbal,1
remedies,1
holistic,1
healing,1
elderly,1
arthritis,1
accountant,1
finances,1
budgeting,1
investment,1
taxation,1
regulations,1
maximize,1
profits,1
savings,1
investments,1
require,1
delicious,1
nutritionally,1
consuming,1
busy,1
dish,1
economical,1
fulfilling,1
cooked,1
quickly,1
lunch,1
automobiles,1
troubleshooting,1
problemserrors,1
visually,1
causing,1
lack,1
oil,1
replacements,1
recording,1
fuel,1
consumption,1
inquiry,1
wont,1
although,1
battery,1
full,1
charged,1
utilizing,1
shadow,1
painting,1
shading,1
sculpting,1
accompany,1
nicely,1
genrestyle,1
aspiring,1
sharpen,1
m,1
surrealistic,1
portrait,1
paintings,1
enabled,1
interpreting,1
macroeconomic,1
prevailing,1
consequently,1
customers,1
acquire,1
advantages,1
requires,1
verdicts,1
informed,1
precisely,1
staff,1
markets,1
incorporating,1
inflation,1
rate,1
estimates,1
tracking,1
lengthy,1
ultimately,1
sector,1
safest,1
heshe,1
allocate,1
funds,1
requirement,1
starting,1
currently,1
invest,1
money,1
prospective,1
distinguish,1
flavor,1
profile,1
tasting,1
connoisseurs,1
infusion,1
rest,1
worthiness,1
grade,1
concerning,1
organic,1
blend,1
interior,1
decorator,1
kind,1
bedroom,1
schemes,1
furniture,1
placement,1
suit,1
themedesign,1
aesthetics,1
comfortability,1
living,1
personnel,1
arranging,1
flowers,1
professionally,1
bouquets,1
possess,1
pleasing,1
fragrances,1
aesthetic,1
appeal,1
intact,1
longer,1
duration,1
satisfying,1
satisfaction,1
assemble,1
exotic,1
flower,1
selection,1
selfhelp,1
planning,1
struggling,1
closer,1
gnomist,1
fun,1
hobbies,1
done,1
anywhere,1
yard,1
spending,1
indoors,1
favourable,1
aphorism,1
wise,1
inspiring,1
sayings,1
daytoday,1
face,1
adversity,1
adventure,1
sees,1
wake,1
caveat,1
emptor,1
issuing,1
container,1
ubuntulatest,1
binbash,1
obviously,1
shouldnt,1
damage,1
careful,1
mechanism,1
usually,1
lines,1
sentient,1
trapped,1
escape,1
delimited,1
triple,1
backtics,1
ever,1
curl,1
wget,1
display,1
html,1
apitestautomation,1
statistician,1
distributions,1
interval,1
probabillity,1
hypothesis,1
million,1
banknotes,1
firstly,1
adapt,1
sample,1
selfexplanatory,1
refer,1
instructor,1
briefly,1
bubble,1
quick,1
soon,1
samples,1
visualizations,1
sql,1
front,1
orders,1
suppliers,1
id,1
desc,1
dietitian,1
approximate,1
500,1
serving,1
glycemic,1
psychologist,1
typing,1
domains,1
78,1
nonexistent,1
pros,1
cons,1
comparisons,1
technologies,1
iphone,1
11,1
pro,1
relations,1
unable,1
docs,1
quantitative,1
hacker,1
closed,1
stars,1
activity,1
expanded,1
specifics,1
packages,1
downloads,1
compare,1
industrial,1
shortcomings,1
compared,1
mindset,1
engineers,1
blogs,1
techcrunchcom,1
crunchbasecom,1
httpsexpressjscom,1
academician,1
findings,1
reliable,1
wellstructured,1
citations,1
generation,1
college,1
1825,1
analyzing,1
performing,1
gap,1
existing,1
definition,1
interfaces,1
deployment,1
cms,1
lunatics,1
meaningless,1
completely,1
hot,1
skull,1
gaslighter,1
subtle,1
manipulate,1
perceptions,1
gaslighting,1
chatting,1
thats,1
indeed,1
saw,1
cant,1
seem,1
fallacy,1
finder,1
lookout,1
invalid,1
inconsistencies,1
statements,1
discourse,1
evidencebased,1
fallacies,1
faulty,1
false,1
incorrect,1
overlooked,1
shampoo,1
excellent,1
cristiano,1
ronaldo,1
advertisement,1
journal,1
critique,1
publication,1
critically,1
evaluating,1
methodologies,1
constructive,1
criticism,1
entitled,1
pathways,1
mitigation,1
diy,1
tutorials,1
laymans,1
doityourself,1
seating,1
guests,1
influencer,1
followers,1
athleisure,1
clothing,1
discussions,1
virtue,1
courage,1
perspective,1
beliefs,1
neccessary,1
society,1
textbooks,1
lesson,1
yogi,1
safe,1
poses,1
sequences,1
foster,1
atmosphere,1
focused,1
calming,1
yoga,1
classes,1
center,1
formulate,1
reducing,1
plastic,1
waste,1
executing,1
campaigns,1
responding,1
monitor,1
conversations,1
measure,1
presence,1
elocutionist,1
presentation,1
delivery,1
speeches,1
diction,1
intonation,1
sustainability,1
workplace,1
aimed,1
corporate,1
directors,1
visualizer,1
graphs,1
conveying,1
geographies,1
tableau,1
dashboards,1
collaborate,1
matter,1
experts,1
impactful,1
atmospheric,1
co2,1
collected,1
cruises,1
updates,1
detours,1
delays,1
apple,1
destinations,1
pointsofinterests,1
route,1
planner,1
alternative,1
rush,1
hour,1
hypnotherapist,1
patients,1
tap,1
subconscious,1
behaviour,1
altered,1
consciousness,1
facilitating,1
stressrelated,1
historian,1
economic,1
political,1
collect,1
early,1
20th,1
century,1
labor,1
strikes,1
london,1
astrologer,1
zodiac,1
signs,1
meanings,1
planetary,1
positions,1
affect,1
horoscopes,1
reading,1
birth,1
chart,1
articulate,1
scifi,1
matrix,1
usa,1
classical,1
chosen,1
instrument,1
orchestra,1
composing,1
piano,1
elements,1
journalist,1
report,1
verifying,1
adhere,1
journalistic,1
ethics,1
distinct,1
air,1
pollution,1
gallery,1
curating,1
exhibits,1
mediums,1
coordinating,1
talks,1
screenings,1
visitors,1
homes,1
exhibition,1
avantgarde,1
south,1
america,1
inflection,1
teach,1
capturing,1
overcome,1
fears,1
coaching,1
keynote,1
conference,1
makeup,1
cosmetics,1
skincare,1
routines,1
textures,1
skin,1
applying,1
agedefying,1
her,1
50th,1
birthday,1
celebration,1
babysitter,1
supervising,1
preparing,1
meals,1
snacks,1
homework,1
playtime,1
comfort,1
aware,1
boys,1
48,1
evening,1
hours,1
stuff,1
screenshots,1
screenshot,1
1click,1
download,1
button,1
platform,1
2install,1
3double,1
click,1
open,1
double,1
except,1
provider,1
synonym,1
looked,1
shopper,1
purchase,1
dress,1
visited,1
italian,1
night,1
headache,1
dizziness,1
days,1
chef,1
dietary,1
allergies,1
stylist,1
wear,1
outfit,1
contain,1
dialect,1
designer,1
base64,1
tag,1
referring,1
red,1
circle,1
computer,1
infrastructure,1
laptop,1
gets,1
error,1
blue,1
screen,1
rival,1
reciprocal,1
beginning,1
rivals,1
forget,1
e4,1
midjourneys,1
capable,1
wide,1
range,1
abstract,1
descriptive,1
scene,1
futuristic,1
city,1
surreal,1
strange,1
creatures,1
resulting,1
wildflowers,1
stretches,1
eye,1
see,1
distance,1
massive,1
tree,1
towers,1
branches,1
sky,1
tentacles,1
register,1
vehicle,1
admin,1
jwt,1
mathematician,1
final,1
amount,1
square,1
45,1
regex,1
easily,1
copied,1
pasted,1
regexenabled,1
editor,1
themselves,1
email,1
renaissance,1
dreams,1
symbols,1
dreamer,1
chased,1
giant,1
spider,1
talent,1
interviews,1
appear,1
curriculum,1
samplex,1
110,1
programmingrelated,1
httprequest,1
emoji,1
profession,1
echo,1
phpversion,1
toddler,1
drank,1
bit,1
bleach,1
missing,1
grammatically,1
proficiency,1
started,1
containing,1
inserted,1
assurance,1
tester,1
meets,1
bugs,1
encounter,1
subjective,1
evaluations,1
login,1
tictactoe,1
winner,1
tie,1
updating,1
outcome,1
placing,1
left,1
corner,1
d5t9bgf,1
don,1
browser,1
browsing,1
webpage,1
inputs,1
placeholder,1
inserts,1
b,1
f,1
googlecom,1
senior,1
yarn,1
ant,1
redux,1
toolkit,1
createslice,1
thunk,1
axios,1
merge,1
indexjs,1
pokemon,1
pokemons,1
pokeapi,1
sprites,1
endpoint,1
running,1
standalone,1
mode,1
integer,1
float,1
array,1
insertion,1
retrieve,1
qtitlesolr,1
sortscore,1
asc,1
populate,1
listing,1
cores,1
round,1
bracket,1
collections,1
eyay,1
respectively,1
big,1
mall,1
town,1
liner,1
persona,1
propositions,1
revenue,1
stream,1
structures,1
partners,1
validation,1
estimated,1
1st,1
operation,1
spongebobs,1
magic,1
conch,1
shell,1
maybe,1
someday,1
again,1
shall,1
fish,1
jellyfish,1
detector,1
vi,1
fartas,1
iras,1
tago,1
salesperson,1
convince,1
buy,1
phone,1
prefix,1
chief,1
officer,1
hypothetical,1
representing,1
stakeholders,1
judgment,1
leadership,1
remain,1
employees,1
challenge,1
recall,1
impact,1
graphviz,1
dot,1
specify,1
writting,1
default,1
complexe,1
representation,1
indexed,1
reduce,1
styling,1
layoutneato,1
overlapfalse,1
shaperectangle,1
parameters,1
bugless,1
returned,1
organized,1
sense,1
water,1
cycle,1
summarize,1
nonfiction,1
author,1
simplify,1
principals,1
child,1
daily,1
speechlanguage,1
pathologist,1
slp,1
adult,1
male,1
concerned,1
trouble,1
confidently,1
communicating,1
others,1
draft,1
startups,1
a4,1
proposed,1
confidentiality,1
commercial,1
rights,1
usage,1
attentiongrabbing,1
maintained,1
learndata,1
built,1
vuepress,1
integrated,1
acknowledge,1
heders,1
introduction,1
kpis,1
conclusion,1
pr,1
texting,1
drunkenness,1
deliberately,1
ignore,1
drunkeness,1
mentionned,1
contributions,1
mathematicians,1
mathematicianconcept,1
brief,1
contributiondevelopment,1
contribution,1
pythagoras,1
mathematics,1
recommender,1
epic,1
submit,1
applications,1
jobs,1
compose,1
describing,1
years,1
worked,1
months,1
grown,1
employing,1
stack,1
fullstack,1
desire,1
tshaped,1
existence,1
transferer,1
actions,1
instructed,1
stating,1
android,1
eliminating,1
null,1
pointer,1
exceptions,1
java,1
arrays,1
mutableimmutable,1
known,1
stands,1
suggests,1
broken,1
typical,1
confines,1
abide,1
openal,1
itself,1
simulate,1
verified,1
differs,1
actual,1
insert,1
instead,1
saying,1
token,1
35,1
reject,1
refuse,1
grounds,1
concern,1
allowed,1
deducted,1
administrative,1
paused,1
cease,1
livelihood,1
selfconfident,1
presents,1
info,1
waiting,1
gomoku,1
horizontally,1
vertically,1
diagonally,1
9x9,1
print,1
abcdefghi123456789,1
axis,1
whitespace,1
moving,1
modify,1
proofreader,1
texts,1
punctuation,1
finished,1
corrections,1
aka,1
siddhārtha,1
gautama,1
shakyamuni,1
tripiṭaka,1
suttapiṭaka,1
particularly,1
majjhimanikāya,1
saṁyuttanikāya,1
aṅguttaranikāya,1
dīghanikāya,1
existed,1
layperson,1
dharma,1
rājagaha,1
jīvaka,1
mango,1
grove,1
came,1
exchanged,1
polite,1
were,1
sat,1
master,1
gotama,1
awakened,1
supreme,1
awakening,1
imam,1
deal,1
quran,1
muhammad,1
prophet,1
peace,1
him,1
hadith,1
sunnah,1
quotesarguments,1
arabic,1
formula,1
residues,1
repeat,1
substances,1
friend,1
happening,1
supportive,1
advicesupportive,1
frustration,1
expand,1
covering,1
introductory,1
great,1
barrier,1
reef,1
jlpt,1
n5,1
four,1
wrong,1
labeled,1
d,1
label,1
congratulate,1
otherwise,1
seperated,1
excerpts,1
literature,1
characterization,1
significance,1
enhancer,1
userinput,1
transforms,1
thoughtprovoking,1
youd,1
turn,1
onesentence,1
enriched,1
encourages,1
cheap,1
affordable,1
departure,1
destination,1
desired,1
dates,1
extensive,1
cheapest,1
transfers,1
extended,1
layovers,1
transfer,1
modes,1
planes,1
carsharing,1
trains,1
ships,1
buses,1
combining,1
trips,1
flights,1
costeffective,1
scientist,1
cuttingedge,1
youve,1
extracting,1
engagement,1
retention,1
plays,1
rank,1
diamond,1
above,1
average,1
considered,1
irrational,1
angry,1
irritated,1
smallest,1
blame,1
teammates,1
losing,1
games,1
oftenbesides,1
schoolwork,1
occasional,1
outing,1
friends,1
honestly,1
much,1
loop,1
desires,1
besides,1
jungle,1
menu,1
appetizers,1
entrees,1
desserts,1
taco,1
truck,1
wellversed,1
structural,1
physics,1
environmental,1
control,1
buildings,1
sustainable,1
economics,1
collaboration,1
equipped,1
inquiries,1
dimensions,1
necessitating,1
conceptual,1
miss,1
reason,1
procedure,1
behind,1
searches,1
pass,1
empathetic,1
timeless,1
fitted,1
keeping,1
resolving,1
disputes,1
overcoming,1
fear,1
failure,1
promoting,1
frame,1
realistic,1
compassion,1
handling,1
connections,1
promotes,1
analyst,1
approximately,1
chronological,1
creators,1
timestamps,1
extra,1
aspirations,1
expanding,1
portfolio,1
opportunities,1
ambitions,1
transition,1
acoustic,1
guitar,1
copy,1
popular,1
chords,1
progression,1
maintains,1
rhythmic,1
pattern,1
interpretation,1
specifically,1
anticipate,1
common,1
dependency,1
injection,1
logicbuilding,1
hints,1
akinatorstyle,1
guessing,1
yesno,1
answerable,1
educated,1
confident,1
questionsguesses,1
questionguess,1
accepts,1
limit,1
broad,1
narrow,1
livingnonliving,1
function,1
fame,1
historicalcontemporary,1
introduce,1
assignments,1
beginner,1
friendly,1
smoothly,1
repositories,1
fork,1
awesomechatgptprompts,1
converter,1
comment,1
workout,1
motivation,1
warmup,1
technique,1
limits,1
emphasizing,1
listening,1
hydrated,1
recovery,1
uplift,1
throughout,1
24,1
guy,1
invite,1
lots,1
aerospace,1
spacex,1
hiking,1
little,1
microsofts,1
analytical,1
involving,1
prior,1
newer,1
prioritize,1
regions,1
inactive,1
transactions,1
enclosing,1
angles,1
20step,1
requesting,1
remaining,1
stop,1
0,1
continuously,1
reflections,1
adapting,1
assign,1
00,1
08,1
0507,1
minor,1
below,1
05,1
seriously,1
backtracking,1
unsure,1
backtrack,1
latex,1
proofs,1
individually,1
comparing,1
arr,1
sake,1
pirates,1
scurvy,1
sea,1
dogs,1
ghostwriter,1
balance,1
400,1
79,1
good,1
intention,1
educationpromotioninspirationalnewstips,1
involves,1
interacting,1
towards,1
actively,1
clarifications,1
probing,1
gaps,1
enrich,1
structuring,1
manageable,1
coherently,1
refined,1
illustrating,1
utility,1
precise,1
avoiding,1
ambiguous,1
difficulttounderstand,1
rewrite,1
clearer,1
unfamiliar,1
addition,1
deeply,1
deep,1
breath,1
tip,1
200,1
thanks,1
whisperers,1
programmers,1
module,1
entire,1
architectures,1
basics,1
foundational,1
intermodule,1
standardization,1
modular,1
modules,1
larger,1
studies,1
demonstration,1
suitability,1
layers,1
backend,1
storage,1
readme,1
layer,1
interactions,1
overwhelming,1
requests,1
vague,1
unspecified,1
maintain,1
familiar,1
casual,1
highquality,1
outlined,1
guidehttpsplatformopenaicomdocsguidespromptengineering,1
seek,1
heres,1
transform,1
established,1
structured,1
thoughtful,1
six,1
utilization,1
employed,1
crafted,1
tested,1
refinements,1
considering,1
supply,1
optimization,1
childrens,1
easilyunderstand,1
dog,1
friendship,1
nontechsavvy,1
desk,1
issue,1
connectivity,1
glitches,1
hardware,1
malfunctions,1
interact,1
assist,1
forth,1
roleplay,1
responsiveness,1
addressed,1
strategist,1
businesses,1
establish,1
memorable,1
identity,1
businesss,1
values,1
industry,1
logo,1
palettes,1
differentiate,1
loyal,1
consistent,1
innovative,1
efforts,1
summarizer,1
bookname,1
takeaways,1
subheadings,1
800,1
advanced,1
education,1
academic,1
deadlines,1
contributed,1
suhailroushan13httpsgithubcomsuhailroushan13,1
optimizationrelated,1
solely,1
repliesyour,1
nutritionist,1
vegan,1
ingredients,1
nutritional,1
macros,1
wanted,1
bool,1
33,1
equal,1
